{"cameraMode":{"drawMode":0,"name":"Shaded","section":"Shading Mode"},"sceneLighting":false,"audioPlay":false,"sceneViewState":{"showFog":true,"showMaterialUpdate":false,"showSkybox":true,"showFlares":true,"showImageEffects":true,"showParticleSystems":true},"in2DMode":false,"pivot":{"x":4485.5849609375,"y":2.090416431427002,"z":3658.85205078125},"rotation":{"x":0.04796575754880905,"y":0.9294999241828919,"z":-0.13051289319992066,"w":0.3416071832180023},"size":3.938629150390625,"orthographic":false}