{"cameraMode":{"drawMode":0,"name":"Shaded","section":"Shading Mode"},"sceneLighting":false,"audioPlay":false,"sceneViewState":{"showFog":true,"showMaterialUpdate":false,"showSkybox":false,"showFlares":true,"showImageEffects":true,"showParticleSystems":true},"in2DMode":false,"pivot":{"x":-44.61711120605469,"y":6.903861999511719,"z":42.06454849243164},"rotation":{"x":0.10498517751693726,"y":-0.5978666543960571,"z":0.07938002049922943,"w":0.7907167673110962},"size":69.39840698242188,"orthographic":false}